"Time","pod","type","Value"
1701356399000,spin-clouddriver-575bdcd67d-64b9j,CPU,4.151801051390775
1701356399000,velero-867765df78-rr78f,CPU,2.960635
1701356399000,spin-clouddriver-76f7f84d9-9sg6p,CPU,2.9483676575877134
1701356399000,prometheus-prometheus-kube-prometheus-prometheus-0,CPU,2.4879171584115705
1701356399000,vizier-pem-m2l2q,RAM,1.591103666666667
1701356399000,vizier-pem-mf9vk,RAM,1.5873013333333332
1701356399000,newrelic-bundle-newrelic-logging-2rv69,CPU,1.4839037916666666
1701356399000,keycloak-postgresql-0,CPU,1.4839037916666666
1701356399000,newrelic-bundle-newrelic-logging-sq8c6,CPU,1.4803175
1701356399000,prometheus-prometheus-kube-prometheus-prometheus-0,RAM,1.3324760035680134
1701356399000,newrelic-bundle-nrk8s-kubelet-dqgdf,CPU,1.1871230333333334
1701356399000,alertmanager-prometheus-kube-prometheus-alertmanager-0,CPU,1.1864942676128187
1701356399000,newrelic-bundle-nrk8s-ksm-588758b9d8-j5vz5,CPU,1.1842540000000001
1701356399000,newrelic-bundle-nrk8s-kubelet-blnhb,CPU,1.1842540000000001
1701356399000,spin-clouddriver-575bdcd67d-64b9j,RAM,0.872531806063334
1701356399000,vizier-cloud-connector-bdcbfb79b-r7c8z,RAM,0.7955518333333335
1701356399000,pl-nats-0,RAM,0.7936506666666666
1701356399000,vizier-query-broker-7c66d5bfdd-fr9b9,RAM,0.7936506666666666
1701356399000,vizier-metadata-0,RAM,0.7936506666666666
1701356399000,coredns-67778f6c76-jbdcz,CPU,0.593842160433829
1701356399000,kube-proxy-xl2p8,CPU,0.5935615166666667
1701356399000,coredns-67778f6c76-gm88r,CPU,0.5921270000000001
1701356399000,newrelic-bundle-nri-metadata-injection-6c886895bc-mxb6s,CPU,0.5921270000000001
1701356399000,kube-proxy-s62fj,CPU,0.5921270000000001
1701356399000,cluster-autoscaler-5c6d5f9887-7xb8b,CPU,0.5921270000000001
1701356399000,prometheus-prometheus-kube-prometheus-prometheus-0,PV,0.473515977
1701356399000,supervisor-scheduler-667bf5678d-vxcbb,CPU,0.4402813251287545
1701356399000,spin-orca-dfdc66cf7-cz8n2,RAM,0.40234590052843094
1701356399000,cluster-autoscaler-5c6d5f9887-7xb8b,RAM,0.3875247395833333
1701356399000,spin-clouddriver-76f7f84d9-9sg6p,RAM,0.3646677561289469
1701356399000,keycloak-0,RAM,0.3625997417831421
1701356399000,ebs-csi-controller-66b79658fd-7prkx,CPU,0.3561369099999999
1701356399000,ebs-csi-controller-66b79658fd-j98nw,CPU,0.3552762
1701356399000,vizier-metadata-0,PV,0.34547726027397263
1701356399000,vizier-query-broker-7c66d5bfdd-fr9b9,CPU,0.3337770383249486
1701356399000,spin-front50-564ccc86ff-5fj7k,RAM,0.3085183544540405
1701356399000,spin-gate-66c5fd9d8d-27hd4,RAM,0.2984694468221665
1701356399000,consul-79695765d7-rq8mx,PV,0.26990410958904115
1701356399000,spin-rosco-746d4cdd88-5m592,RAM,0.26453672043863935
1701356399000,castai-cluster-controller-b8579544c-v8d6q,CPU,0.24812817499999998
1701356399000,castai-cluster-controller-b8579544c-bqgsk,CPU,0.24752849999999998
1701356399000,newrelic-bundle-nrk8s-kubelet-dqgdf,RAM,0.22227461449801925
1701356399000,newrelic-bundle-nrk8s-ksm-588758b9d8-j5vz5,RAM,0.22174343466758725
1701356399000,newrelic-bundle-nrk8s-kubelet-blnhb,RAM,0.22174343466758725
1701356399000,loki-read-0,PV,0.21592328767123292
1701356399000,loki-read-1,PV,0.21592328767123292
1701356399000,loki-write-2,PV,0.21592328767123292
1701356399000,loki-read-2,PV,0.21592328767123292
1701356399000,loki-write-0,PV,0.21592328767123292
1701356399000,loki-write-1,PV,0.21592328767123292
1701356399000,keycloak-postgresql-0,PV,0.21592328767123292
1701356399000,spin-echo-b9b896cf9-xj6x7,RAM,0.21417338214111326
1701356399000,spin-igor-94997965c-27jd6,RAM,0.21301571197764077
1701356399000,keycloak-postgresql-0,RAM,0.19888795833333336
1701356399000,vizier-pem-mf9vk,CPU,0.19412871729565098
1701356399000,alertmanager-prometheus-kube-prometheus-alertmanager-0,RAM,0.1937623697916667
1701356399000,ebs-csi-controller-66b79658fd-7prkx,RAM,0.18645746093750004
1701356399000,ebs-csi-controller-66b79658fd-j98nw,RAM,0.18601187500000002
1701356399000,loki-write-0,RAM,0.18362460721127197
1701356399000,ebs-csi-node-f7r6f,CPU,0.178068455
1701356399000,ebs-csi-node-lq5j4,CPU,0.17763809999999997
1701356399000,tempo-0,RAM,0.17575792385355632
1701356399000,redis-replica-node-0,PV,0.17273863013698632
1701356399000,redis-replica-node-1,PV,0.17273863013698632
1701356399000,inventory-worker-6dd4bd58c7-wccfs,CPU,0.16284733333333332
1701356399000,spin-redis-c576bb8cd-k6dcj,CPU,0.15299085192656814
1701356399000,aws-node-tf7lf,CPU,0.14839037916666667
1701356399000,aws-node-q9mx8,CPU,0.14804044070506775
1701356399000,loki-write-1,RAM,0.13236913092803954
1701356399000,spin-orca-dfdc66cf7-cz8n2,CPU,0.12241750138070212
1701356399000,loki-write-0,CPU,0.09930191890006493
1701356399000,velero-867765df78-rr78f,RAM,0.09920633333333333
1701356399000,ebs-csi-node-f7r6f,RAM,0.09322873046875002
1701356399000,ebs-csi-node-lq5j4,RAM,0.09300593750000001
1701356399000,loki-write-1,CPU,0.08957156267171354
1701356399000,promtail-b556x,CPU,0.08844510753131157
1701356399000,promtail-8qdb8,CPU,0.08660470821489057
1701356399000,loki-read-2,RAM,0.08514047457329432
1701356399000,redis-replica-node-0,CPU,0.08366151250733017
1701356399000,vizier-pem-m2l2q,CPU,0.07594475886402534
1701356399000,aws-subnet-available-ip-collector-6dbc4cc88b-fcbh9,CPU,0.07361334406732786
1701356399000,promtail-b556x,RAM,0.07116508792765935
1701356399000,loki-read-1,RAM,0.06925959022776286
1701356399000,docs-64cc74bdc-k92mz,RAM,0.06563953982543944
1701356399000,castai-cluster-controller-b8579544c-v8d6q,RAM,0.064954443359375
1701356399000,castai-cluster-controller-b8579544c-bqgsk,RAM,0.06479921875
1701356399000,spin-redis-c576bb8cd-k6dcj,RAM,0.06023241781361898
1701356399000,prometheus-kube-prometheus-operator-7d978d49f4-pqbmj,RAM,0.05966606163326899
1701356399000,coredns-67778f6c76-jbdcz,RAM,0.05438342610677084
1701356399000,coredns-67778f6c76-gm88r,RAM,0.05425346354166667
1701356399000,promtail-8qdb8,RAM,0.05347526244608561
1701356399000,vizier-pem-4579l,RAM,0.050813000000000004
1701356399000,vizier-pem-vthsk,RAM,0.050813000000000004
1701356399000,vizier-pem-hxfd7,RAM,0.050813000000000004
1701356399000,castai-agent-6f6ffbf8dc-dwcc8,RAM,0.0504485625
1701356399000,vizier-pem-9nz7s,RAM,0.05032299999999999
1701356399000,newrelic-bundle-newrelic-logging-2rv69,RAM,0.04972198958333334
1701356399000,newrelic-bundle-newrelic-logging-sq8c6,RAM,0.04960316666666666
1701356399000,otel-collector-opentelemetry-collector-b5867f68f-mf92d,CPU,0.04849288533333333
1701356399000,newrelic-bundle-newrelic-logging-lvchw,CPU,0.04739954166666668
1701356399000,newrelic-bundle-newrelic-logging-ck5kw,CPU,0.04739954166666668
1701356399000,newrelic-bundle-newrelic-logging-4dnnw,CPU,0.04735633333333333
1701356399000,newrelic-bundle-newrelic-logging-tfphd,CPU,0.04694245833333334
1701356399000,service-portal-59bb76c698-kgkc7,RAM,0.0457992963027954
1701356399000,supervisor-scheduler-667bf5678d-vxcbb,RAM,0.04521995187139511
1701356399000,vizier-metadata-0,CPU,0.045004112897501974
1701356399000,loki-read-2,CPU,0.04287298803248267
1701356399000,sp1-agent-grafana-agent-0,RAM,0.042373362981319426
1701356399000,loki-read-1,CPU,0.040363696787308216
1701356399000,plugin-azure-cost-mgmt-cost-datasource-aobbckcbidsdjimr-5fm8kl8,RAM,0.03827603611898422
1701356399000,aws-load-balancer-controller-bf9dc8dc9-p2rlr,RAM,0.03807778353627522
1701356399000,newrelic-bundle-nrk8s-kubelet-v6g5m,CPU,0.03791963333333334
1701356399000,newrelic-bundle-nrk8s-kubelet-49vcv,CPU,0.03791963333333334
1701356399000,newrelic-bundle-nrk8s-kubelet-b2d8k,CPU,0.03788506666666667
1701356399000,aws-subnet-available-ip-collector-6dbc4cc88b-fcbh9,RAM,0.0376027010828654
1701356399000,newrelic-bundle-nrk8s-kubelet-54csk,CPU,0.03753568333333333
1701356399000,aws-node-q9mx8,RAM,0.03472208207702636
1701356399000,prometheus-kube-state-metrics-675b965b4c-l9hsn,RAM,0.031752989820480346
1701356399000,castai-agent-6f6ffbf8dc-dwcc8,CPU,0.0316744
1701356399000,external-dns-645c984745-hfhdr,RAM,0.030968150016784667
1701356399000,vizier-cloud-connector-bdcbfb79b-r7c8z,CPU,0.028676049411868177
1701356399000,argo-rollouts-ddb5fb5bd-ndpjg,RAM,0.028614953925927483
1701356399000,aws-node-tf7lf,RAM,0.02799780813725789
1701356399000,prometheus-prometheus-node-exporter-9zr2q,CPU,0.02695981987034604
1701356399000,spin-front50-564ccc86ff-5fj7k,CPU,0.025852146385923227
1701356399000,kelvin-5895d85cbd-qlmdf,RAM,0.025406500000000002
1701356399000,service-portal-59bb76c698-kgkc7,CPU,0.025041259008365655
1701356399000,aws-load-balancer-controller-bf9dc8dc9-l7h8m,RAM,0.024617351977507272
1701356399000,kube-proxy-s62fj,RAM,0.023826667508443197
1701356399000,prometheus-kube-state-metrics-675b965b4c-l9hsn,CPU,0.023530720065282108
1701356399000,spin-gate-66c5fd9d8d-27hd4,CPU,0.023074521300344507
1701356399000,newrelic-bundle-nri-metadata-injection-6c886895bc-mxb6s,RAM,0.02217434346675873
1701356399000,spin-deck-6467b9c487-d9vxg,RAM,0.021896395879109697
1701356399000,inventory-worker-6dd4bd58c7-wccfs,RAM,0.021841749999999997
1701356399000,kube-proxy-xl2p8,RAM,0.02107048795493444
1701356399000,newrelic-bundle-kube-state-metrics-6994bd5884-mf7vc,RAM,0.020391109285990396
1701356399000,prometheus-prometheus-node-exporter-f2r7q,CPU,0.019058164356206303
1701356399000,kube-proxy-hqv4t,CPU,0.01895981666666667
1701356399000,kube-proxy-d6zjh,CPU,0.01895981666666667
1701356399000,plugin-google-cloud-inven-collector-bokkcdtoksbunfvk-794f6vtmgv,RAM,0.018948595231056214
1701356399000,kube-proxy-5r9tq,CPU,0.018942533333333334
1701356399000,metrics-server-9f459d97b-m5rlw,CPU,0.018942533333333334
1701356399000,kube-proxy-xzf98,CPU,0.018776983333333334
1701356399000,event-exporter-d88d4f8f4-74rll,RAM,0.018540140441894528
1701356399000,consul-79695765d7-rq8mx,RAM,0.01739918293428421
1701356399000,redis-replica-node-0,RAM,0.017208084729512532
1701356399000,cni-metrics-helper-7fc768d6cb-qckpt,RAM,0.017106169570922848
1701356399000,plugin-1030a94531fb-vmaauetqosmukhn-7d86b7cc5b-hlmws,RAM,0.016634358665466305
1701356399000,plugin-google-cloud-inven-collector-bokkcdtoksbunfvk-794f65cn5j,RAM,0.015446419840812681
1701356399000,pl-nats-0,CPU,0.015166512874364043
1701356399000,plugin-1030a94531fb-vmaauetqosmukhn-7d86b7cc5b-zlnkm,RAM,0.014985900515556334
1701356399000,spin-rosco-746d4cdd88-5m592,CPU,0.014662469993030985
1701356399000,cni-metrics-helper-7fc768d6cb-qckpt,CPU,0.014484866198100792
1701356399000,spin-echo-b9b896cf9-xj6x7,CPU,0.013846446583399183
1701356399000,otel-collector-opentelemetry-collector-b5867f68f-mf92d,RAM,0.012703250000000001
1701356399000,consul-79695765d7-rq8mx,CPU,0.012492785372301689
1701356399000,prometheus-prometheus-node-exporter-9zr2q,RAM,0.012332382321675618
1701356399000,prometheus-pushgateway-586d87c974-7w8hk,RAM,0.01214100008646647
1701356399000,sp1-agent-grafana-agent-0,CPU,0.012127141706614912
1701356399000,spin-igor-94997965c-27jd6,CPU,0.011885564732521421
1701356399000,argo-rollouts-ddb5fb5bd-ndpjg,CPU,0.010673478320431001
1701356399000,aws-load-balancer-controller-bf9dc8dc9-p2rlr,CPU,0.010226790503024871
1701356399000,prometheus-prometheus-node-exporter-f2r7q,RAM,0.01007884216006597
1701356399000,plugin-30d21ef75a5d-kgootqtbwsbtdhgb-65966775dc-7k7lj,RAM,0.010007811321735382
1701356399000,plugin-30d21ef75a5d-kgootqtbwsbtdhgb-65966775dc-9h8c8,RAM,0.009927142769813537
1701356399000,plugin-30d21ef75a5d-kgootqtbwsbtdhgb-65966775dc-tzts6,RAM,0.009865722649097441
1701356399000,vizier-pem-hxfd7,CPU,0.009682255607277097
1701356399000,plugin-30d21ef75a5d-kgootqtbwsbtdhgb-65966775dc-ltv8g,RAM,0.0096285204911232
1701356399000,plugin-30d21ef75a5d-kgootqtbwsbtdhgb-65966775dc-4vdmj,RAM,0.009090041577816009
1701356399000,plugin-30d21ef75a5d-kgootqtbwsbtdhgb-65966775dc-hcsq5,RAM,0.008878954713821411
1701356399000,plugin-30d21ef75a5d-kgootqtbwsbtdhgb-65966775dc-fdlz5,RAM,0.008790893796443938
1701356399000,keycloak-0,CPU,0.008771339709585425
1701356399000,plugin-51f0e2822122-nkllsqtqxsoukirg-84d5c5bbb6-7tz5j,RAM,0.008377178533077241
1701356399000,plugin-51f0e2822122-nkllsqtqxsoukirg-84d5c5bbb6-btk4l,RAM,0.008284222900867461
1701356399000,newrelic-bundle-nri-prometheus-84879cd44-dbthj,CPU,0.00811743380072006
1701356399000,plugin-30d21ef75a5d-kgootqtbwsbtdhgb-65966775dc-7cv46,RAM,0.008098207545280456
1701356399000,plugin-30d21ef75a5d-kgootqtbwsbtdhgb-65966775dc-tvftx,RAM,0.008043923358917238
1701356399000,newrelic-bundle-kube-state-metrics-6994bd5884-mf7vc,CPU,0.007907496165344858
1701356399000,kelvin-5895d85cbd-qlmdf,CPU,0.007759670081318387
1701356399000,newrelic-bundle-nrk8s-kubelet-49vcv,RAM,0.0070984940975904465
1701356399000,newrelic-bundle-nrk8s-kubelet-b2d8k,RAM,0.0070984940975904465
1701356399000,newrelic-bundle-nrk8s-kubelet-v6g5m,RAM,0.0070984940975904465
1701356399000,newrelic-bundle-nrk8s-kubelet-54csk,RAM,0.007026619277894497
1701356399000,tempo-0,CPU,0.007018974667548329
1701356399000,promtail-6v7r5,CPU,0.006226560165647571
1701356399000,redis-85b9b8b9c5-jzht7,CPU,0.005745967537084643
1701356399000,ebs-csi-node-lgkd4,CPU,0.005687945000000001
1701356399000,ebs-csi-node-4x6n4,CPU,0.005687945000000001
1701356399000,ebs-csi-node-ln8cv,CPU,0.00568276
1701356399000,ebs-csi-node-h5swc,CPU,0.005633095
1701356399000,loki-write-2,RAM,0.00520206392288208
1701356399000,metrics-server-9f459d97b-m5rlw,RAM,0.004962207031250001
1701356399000,aws-node-8g49b,CPU,0.004740447130677986
1701356399000,aws-node-jvdtt,CPU,0.004739954166666668
1701356399000,aws-node-t75xm,CPU,0.0047356333333333335
1701356399000,plugin-aws-hyperbilling-cost-datasource-lrllinclhxuosbb-56lh9q9,RAM,0.004710505452632904
1701356399000,aws-node-8hr4v,CPU,0.004694245833333333
1701356399000,inventory-759fdf99bd-mhqhq,RAM,0.004368350004068343
1701356399000,inventory-scheduler-76bd444598-t47q2,RAM,0.004368350004068343
1701356399000,castai-agent-cpvpa-f7b6678d5-zh94t,RAM,0.004097904205322265
1701356399000,external-dns-645c984745-hfhdr,CPU,0.003994862865720669
1701356399000,promtail-xdfff,CPU,0.0039614813716874284
1701356399000,vizier-pem-4579l,CPU,0.0039122392748787765
1701356399000,inventory-worker-75cdbd4b5d-mpq7d,RAM,0.0038258900656700126
1701356399000,promtail-tsx29,CPU,0.0036675689492021426
1701356399000,console-api-786fb8d6c7-7zggk,RAM,0.0036144050850868224
1701356399000,statistics-worker-6d5b574877-njc72,RAM,0.0036067795133590697
1701356399000,sp1-agent-opencost-64786844f6-qzxbx,CPU,0.0034757349186700353
1701356399000,promtail-6v7r5,RAM,0.0034679317560195925
1701356399000,aws-load-balancer-controller-bf9dc8dc9-l7h8m,CPU,0.003232505699137649
1701356399000,prometheus-kube-prometheus-operator-7d978d49f4-pqbmj,CPU,0.003209796861293801
1701356399000,loki-write-2,CPU,0.0031570302338297654
1701356399000,ebs-csi-node-ln8cv,RAM,0.00297732421875
1701356399000,ebs-csi-node-lgkd4,RAM,0.00297732421875
1701356399000,ebs-csi-node-4x6n4,RAM,0.00297732421875
1701356399000,ebs-csi-node-h5swc,RAM,0.00294861328125
1701356399000,plugin-prowler-inven-collector-jbkkhxcqbhxfggcjm-565dd8c5b6sf8v,RAM,0.002935400735855103
1701356399000,redis-85b9b8b9c5-jzht7,RAM,0.0028871747767130534
1701356399000,redis-replica-node-1,CPU,0.0028667637081382443
1701356399000,sp1-agent-opencost-64786844f6-qzxbx,RAM,0.002818865919113159
1701356399000,plugin-google-billing-cost-datasource-gdnnfefxwslfghje-789wrpmt,RAM,0.0026801225099563598
1701356399000,spin-echo-7668f7c49c-f2p2b,RAM,0.0026627090506553654
1701356399000,identity-79bd89d7b9-jkjdx,CPU,0.0025376471230663827
1701356399000,promtail-zw8zj,CPU,0.0025336260831122894
1701356399000,repository-9cc854765-xf69l,CPU,0.002506800636842904
1701356399000,plugin-prowler-inven-collector-jbkkhxcqbhxfggcjm-565dd8c5bkmn2m,RAM,0.0024906804637908936
1701356399000,spin-igor-88dbc4bcd-sg2t8,RAM,0.002474769772529602
1701356399000,loki-read-0,RAM,0.002382564881801605
1701356399000,prometheus-pushgateway-586d87c974-7w8hk,CPU,0.0023642833983006963
1701356399000,inventory-6ffd566b88-4fshp,RAM,0.0022991250748634335
1701356399000,vizier-pem-9nz7s,CPU,0.0022758491789012054
1701356399000,promtail-xdfff,RAM,0.0022732059068679812
1701356399000,plugin-openstack-inven-collector-orzzikikikuvfbx-fd67ccf7cvbj9s,CPU,0.002273050597529925
1701356399000,plugin-30d21ef75a5d-mrggikixahdsavcmm-76bd56bf85-pswrj,CPU,0.002262473706936627
1701356399000,plugin-30d21ef75a5d-mrggikixahdsavcmm-76bd56bf85-5w49h,CPU,0.00225919456872559
1701356399000,plugin-30d21ef75a5d-mrggikixahdsavcmm-76bd56bf85-ksrn9,CPU,0.002253682473118337
1701356399000,plugin-30d21ef75a5d-mrggikixahdsavcmm-76bd56bf85-4xxk6,CPU,0.002247467469480671
1701356399000,plugin-bfc46d09140b-jbkkhktqwsjukfk-5bb454b9c6-j8zlb,RAM,0.002246885257720947
1701356399000,newrelic-bundle-nri-prometheus-84879cd44-dbthj,RAM,0.0021732020058631897
1701356399000,vizier-pem-vthsk,CPU,0.002163369457881382
1701356399000,promtail-tsx29,RAM,0.001951846986293793
1701356399000,service-portal-api-worker-978d5d8f-r9nkb,RAM,0.0019381271629333493
1701356399000,plugin-aws-phd-inven-collector-bokkcdtoksbuohxa-6775446dfdmkfhg,RAM,0.0018925744614601133
1701356399000,plugin-bfc46d09140b-jbkkhktqwsjukfk-5bb454b9c6-clqw4,RAM,0.0018914288744926453
1701356399000,cost-analysis-worker-6cc775c5b4-tsp6v,RAM,0.0018496049499511717
1701356399000,event-exporter-d88d4f8f4-74rll,CPU,0.001840554564460206
1701356399000,cost-analysis-worker-6cc775c5b4-8vtls,RAM,0.0018327112922668456
1701356399000,spin-deck-6467b9c487-d9vxg,CPU,0.0018028112636849338
1701356399000,notification-worker-7dbc948bcd-md5sh,RAM,0.0017895074295997619
1701356399000,plugin-aws-cost-explorer-cost-datasource-kgootqtbwsofdha-cztltz,RAM,0.0017344829926490785
1701356399000,plugin-aws-phd-inven-collector-bokkcdtoksbuohxa-6775446dfd6cxxq,RAM,0.0016664801745414734
1701356399000,plugin-http-file-cost-datasource-kgootqtbbcetlcbk-7db45c5dmkh9f,RAM,0.0016550432538986201
1701356399000,repository-9cc854765-xf69l,RAM,0.0016500782337188719
1701356399000,promtail-zw8zj,RAM,0.0016406802616119385
1701356399000,inventory-759fdf99bd-mhqhq,CPU,0.0016299591666666668
1701356399000,inventory-scheduler-76bd444598-t47q2,CPU,0.0016284733333333332
1701356399000,prometheus-prometheus-node-exporter-zvlkb,CPU,0.0015985172336309
1701356399000,newrelic-bundle-newrelic-logging-lvchw,RAM,0.0015879062500000001
1701356399000,newrelic-bundle-newrelic-logging-ck5kw,RAM,0.0015879062500000001
1701356399000,newrelic-bundle-newrelic-logging-4dnnw,RAM,0.0015879062500000001
1701356399000,newrelic-bundle-newrelic-logging-tfphd,RAM,0.0015725937499999998
1701356399000,plugin-prowler-inven-collector-jbkkhxcqzudckwcdd-7d44787fc8jrlp,RAM,0.0015625730533599855
1701356399000,plugin-openstack-inven-collector-orzzikikikuvfbx-fd67ccf7cmw7qg,CPU,0.0015480620412610363
1701356399000,cost-analysis-worker-6cc775c5b4-lg875,RAM,0.00149642027759552
1701356399000,spacectl-7dcfbcb7b4-dhqm7,RAM,0.0014955078501701355
1701356399000,cost-analysis-worker-6cc775c5b4-vb4hz,RAM,0.0014884315900802613
1701356399000,plugin-30d21ef75a5d-mrggikixahdsavcmm-76bd56bf85-9zgbt,CPU,0.0014803710316197572
1701356399000,plugin-prowler-inven-collector-orzzivckeunczahxj-7b89f47769vfpk,RAM,0.0014557267994880676
1701356399000,plugin-30d21ef75a5d-mrggikixahdsavcmm-76bd56bf85-bfhr8,CPU,0.0014548533438846244
1701356399000,plugin-prowler-inven-collector-jbkkhxcqzudckwcdd-7d44787fc9tjqw,RAM,0.0014545227298736571
1701356399000,plugin-30d21ef75a5d-mrggikixahdsavcmm-76bd56bf85-bfhdw,CPU,0.0014504015967529173
1701356399000,plugin-prowler-inven-collector-orzzivckeunczahxj-7b89f4776bplrj,RAM,0.00145013477897644
1701356399000,plugin-30d21ef75a5d-mrggikixahdsavcmm-76bd56bf85-h679k,CPU,0.0014488126808316847
1701356399000,plugin-30d21ef75a5d-mrggikixahdsavcmm-76bd56bf85-blsnr,CPU,0.001434717879385062
1701356399000,plugin-30d21ef75a5d-mrggikixahdsavcmm-76bd56bf85-z7qk4,CPU,0.0014328829679163308
1701356399000,plugin-spaceone-inven-collector-wjddfvcgfocdsna-684c47c65cjzpjp,RAM,0.0014225675826072695
1701356399000,plugin-spaceone-member-inven-collector-lrllincdribtvviba-6tm95d,RAM,0.0013924525008201598
1701356399000,service-portal-api-scheduler-59974b87d9-6pnd8,RAM,0.0013914759831428526
1701356399000,plugin-spaceone-inven-collector-wjddfvcgfocdsna-684c47c65ctq86d,RAM,0.001368875162124634
1701356399000,dashboard-6fd6655747-zvhjs,RAM,0.0013200239505767822
1701356399000,cost-analysis-844b945885-v2lvh,RAM,0.0013192804288864137
1701356399000,service-portal-api-rest-58dcd7c8bd-b9dkc,RAM,0.0012863999333381654
1701356399000,loki-read-0,CPU,0.0012860642848506127
1701356399000,plugin-github-inven-collector-orzzivckqsohvoibd-55d575cdd8q642q,RAM,0.0012806964383125304
1701356399000,identity-79bd89d7b9-jkjdx,RAM,0.0012772280178070068
1701356399000,monitoring-rest-b57fb5846-7jwjk,RAM,0.0012616608157157898
1701356399000,plugin-keycloak-identity-auth-rrzzircjrsgszxtbr-64959cc8bd7cs7s,RAM,0.0012399151310920715
1701356399000,repository-654989f888-xwh2m,RAM,0.0012361659564971924
1701356399000,console-api-v2-rest-5c75dff5f7-gv5s6,RAM,0.0012277941293716429
1701356399000,statistics-bcf65967d-vzgkn,RAM,0.0012165267453193664
1701356399000,plugin-spaceone-dynamic-ui-collector-rrzzircjrsbfokio-6bb5m4kmb,RAM,0.0012007888617515563
1701356399000,plugin-github-inven-collector-samuel-v3-bokkcwcokszijbsvl-fp27c,RAM,0.0011978548460006716
1701356399000,identity-7467974484-bwtk2,RAM,0.0011921344113349915
1701356399000,plugin-spaceone-dynamic-ui-collector-rrzzircjrsbfokio-6bb56zx6j,RAM,0.0011896347279548643
1701356399000,plugin-spaceone-member-inven-collector-nkllsgcqzixcofxg-5fbkvgw,RAM,0.0011884830427169799
1701356399000,plugin-spaceone-member-inven-collector-lrllincdribtvviba-6pwdvs,RAM,0.0011847169518470761
1701356399000,monitoring-worker-5bb8b5fc65-9gdmz,RAM,0.0011792447938919065
1701356399000,plugin-github-inven-collector-rrzzircjrsrhomubz-68bf995d94d4vlk,RAM,0.001177758918762207
1701356399000,plugin-github-inven-collector-samuel-v3-aobbckcbrsriokumz-dmbwd,RAM,0.0011767935228347778
1701356399000,plugin-worker-844b9f4dcc-ml84g,RAM,0.0011740554928779603
1701356399000,plugin-github-inven-collector-samuel-v3-bokkcwcokszijbsvl-vxvqc,RAM,0.001171316107749939
1701356399000,notification-scheduler-84f9b687cd-2jgbf,RAM,0.0011689776196479795
1701356399000,supervisor-scheduler-7766744c56-jxjhs,RAM,0.0011671467599868774
1701356399000,plugin-github-inven-collector-samuel-wjddfvcobsjsjjikd-7c5cltkh,RAM,0.0011663859715461732
1701356399000,plugin-github-inven-collector-wjddfvcobsrhxunn-845dffdcbb-rnkhg,RAM,0.0011639062418937684
1701356399000,plugin-github-inven-collector-samuel-wjddfvcobsjsjjikd-7c5xhhwc,RAM,0.0011638541846275329
1701356399000,plugin-spaceone-dynamic-ui-collector-bokkcwcoksnsbxixe-7cb6svmv,RAM,0.001163843062877655
1701356399000,plugin-spaceone-dynamic-ui-collector-bokkcwcoksnsnvcl-54cfglh6s,RAM,0.0011624309744834897
1701356399000,plugin-github-inven-collector-samuel-v3-znooijcgxsdhqmcv-5k8flb,RAM,0.0011624232640266418
1701356399000,plugin-github-inven-collector-exlludcqwsmhmvfol-5645c6dcf8xxzm9,RAM,0.0011618543491363526
1701356399000,plugin-spaceone-member-inven-collector-nkllsgcqzixcofxg-5fd96s5,RAM,0.0011601208281517028
1701356399000,plugin-github-inven-collector-orzzivckqsohvoibd-55d575cdd8d2szf,RAM,0.0011584161162376404
1701356399000,plugin-openstack-inven-collector-exlluwiqiwumfqj-5cd5c8687l6hvl,RAM,0.0011567171053886414
1701356399000,plugin-spaceone-dynamic-ui-collector-kgootocbwsvivnfbm-595927sd,RAM,0.0011566457486152646
1701356399000,plugin-github-inven-collector-vmaauacqosxsnksmo-75cb8547b8j954k,RAM,0.0011562127013206483
1701356399000,console-api-v2-rest-64cdb8dff5-9ng4p,RAM,0.0011486284155845642
1701356399000,plugin-jenkins-inven-collector-qrlligieixudhlw-5fd86c6dd6-pctzk,RAM,0.001144551126003265
1701356399000,plugin-google-cloud-inven-collector-dovvcbiniocemtv-5b6f74hzhd5,RAM,0.0011317670717239379
1701356399000,plugin-openstack-inven-collector-exlluwiqiwumfqj-5cd5c8687pp576,RAM,0.0011299604649543764
1701356399000,plugin-spaceone-dynamic-ui-collector-bokkcwcoksnsbxixe-7cbmclnz,RAM,0.0011292479486465453
1701356399000,plugin-github-inven-collector-vmaauacqosxsnksmo-75cb8547b8b5pbx,RAM,0.0011290393223762512
1701356399000,plugin-github-inven-collector-samuel-v3-aobbckcbrsriokumz-b9zlb,RAM,0.001128973035812378
1701356399000,plugin-github-inven-collector-samuel-v3-znooijcgxsdhqmcv-5w5b78,RAM,0.0011287424931526184
1701356399000,plugin-spaceone-dynamic-ui-collector-bokkcwcoksnsnvcl-54cf9sp86,RAM,0.0011277982659339905
1701356399000,plugin-github-inven-collector-rrzzircjrsrhomubz-68bf995d94x46kc,RAM,0.0011258037109375
1701356399000,plugin-github-inven-collector-exlludcqwsmhmvfol-5645c6dcf872khx,RAM,0.0011236599235534665
1701356399000,plugin-spaceone-dynamic-ui-collector-kgootocbwsvivnfbm-595bhmgg,RAM,0.0011236339416503907
1701356399000,plugin-github-inven-collector-wjddfvcobsrhxunn-845dffdcbb-28fbd,RAM,0.0011196952066421509
1701356399000,plugin-google-cloud-inven-collector-dovvcbiniocemtv-5b6f749jk6s,RAM,0.0011157542519569397
1701356399000,aws-node-8g49b,RAM,0.001076131709575653
1701356399000,plugin-openstack-inven-collector-orzzikikikuvfbx-fd67ccf7cmw7qg,RAM,0.0010657722668647766
1701356399000,plugin-30d21ef75a5d-kgootqtbwsbtdhgb-65966775dc-cmz52,RAM,0.0010514097652435301
1701356399000,plugin-openstack-inven-collector-orzzikikikuvfbx-fd67ccf7cvbj9s,RAM,0.0010437174162864686
1701356399000,aws-node-jvdtt,RAM,0.0010431714692115783
1701356399000,plugin-aws-shd-inven-collector-nkllskiqixcbxirg-5b57964464gvgws,RAM,0.001025919415473938
1701356399000,plugin-aws-shd-inven-collector-nkllskiqixcbxirg-5b57964464kf7bk,RAM,0.0010248789477348326
1701356399000,plugin-jenkins-inven-collector-qrlligieixudhlw-5fd86c6dd6-4vv64,RAM,0.0009918069057464598
1701356399000,plugin-566dbba0ca3c-dovvcbiniocexcjn-7b5dc9c997-2hfqv,RAM,0.0009914431123733522
1701356399000,plugin-30d21ef75a5d-mrggikixahdsavcmm-76bd56bf85-9zgbt,RAM,0.0009642290081977844
1701356399000,monitoring-5787fd6cf6-8mxl5,RAM,0.0009610799641609192
1701356399000,plugin-30d21ef75a5d-mrggikixahdsavcmm-76bd56bf85-5w49h,RAM,0.000955841643333435
1701356399000,aws-node-8hr4v,RAM,0.0009553479170799255
1701356399000,notification-546d67b574-ftd8t,RAM,0.0009531976809501647
1701356399000,file-manager-549d5b9568-xnk65,RAM,0.0009500989885330201
1701356399000,docs-64cc74bdc-k92mz,CPU,0.0009496649265943825
1701356399000,plugin-api-direct-mon-webhook-qrllixcexsjhxrtl-867bbd5674-5kcgk,RAM,0.0009448978881835938
1701356399000,config-5c6df5f8fd-d2tgm,RAM,0.0009443469877243042
1701356399000,board-75b78d7b89-zxh9k,RAM,0.0009433220810890197
1701356399000,plugin-5cdf8d72a7cc-xbmmhrcdksgsnguxl-5f664f9fd4-c5s6x,RAM,0.0009432881083488464
1701356399000,plugin-7b87495685-sv77m,RAM,0.0009420897397994995
1701356399000,plugin-slack-noti-protocol-lrllincjfwsqxcbz-fcfb787f8-nprfh,RAM,0.0009413069882392882
1701356399000,plugin-prometheus-mon-webhook-gdnnfdcxwsjinlfbb-677fd48d54jf9bt,RAM,0.0009388684978485108
1701356399000,plugin-keycloak-identity-auth-aobbckcqinfdjiv-5dcfcc5b66-vnw8w,RAM,0.0009378203663825988
1701356399000,plugin-30d21ef75a5d-mrggikixahdsavcmm-76bd56bf85-bfhdw,RAM,0.0009339557919502259
1701356399000,plugin-9881b9b440a4-orzzivckqsqsznhrj-65cdd678d-dm78z,RAM,0.000931923595905304
1701356399000,plugin-30d21ef75a5d-mrggikixahdsavcmm-76bd56bf85-z7qk4,RAM,0.0009305969300270081
1701356399000,plugin-30d21ef75a5d-mrggikixahdsavcmm-76bd56bf85-pswrj,RAM,0.0009298471231460571
1701356399000,plugin-30d21ef75a5d-mrggikixahdsavcmm-76bd56bf85-h679k,RAM,0.000929698474884033
1701356399000,plugin-30d21ef75a5d-mrggikixahdsavcmm-76bd56bf85-bfhr8,RAM,0.0009237792739868165
1701356399000,plugin-mzc-sms-noti-protocol-wjddfvcnixsrfnk-575856b5-wf6sn,RAM,0.0009222771134376526
1701356399000,plugin-30d21ef75a5d-mrggikixahdsavcmm-76bd56bf85-blsnr,RAM,0.0009216664919853212
1701356399000,plugin-aws-sns-mon-webhook-nkllsqtqxsoukdhxb-5f95c98c6f-hbrb4,RAM,0.0009140822296142578
1701356399000,plugin-email-noti-protocol-wjddfntobsgumxiob-84c4b87d6-s5n7x,RAM,0.0009063154397010801
1701356399000,plugin-30d21ef75a5d-mrggikixahdsavcmm-76bd56bf85-ksrn9,RAM,0.0009027385354042053
1701356399000,plugin-30d21ef75a5d-mrggikixahdsavcmm-76bd56bf85-4xxk6,RAM,0.0008961873807907105
1701356399000,prometheus-prometheus-node-exporter-n8ccb,CPU,0.0008851705690016893
1701356399000,aws-node-t75xm,RAM,0.0008346050834655761
1701356399000,console-api-6b6fbcf5c7-554vn,RAM,0.0008303777670860291
1701356399000,secret-66f54749d9-jffr7,RAM,0.0008197983427047729
1701356399000,prometheus-prometheus-node-exporter-mmnkm,CPU,0.0006838253924903106
1701356399000,prometheus-prometheus-node-exporter-47cf8,CPU,0.0006833446529474958
1701356399000,vizier-operator-55ffdd4987-6fwx7,RAM,0.000603586992263794
1701356399000,newrelic-bundle-nri-kube-events-6d7cc6755c-7s8mr,RAM,0.0005939123783111572
1701356399000,kube-proxy-5r9tq,RAM,0.0005918299474716186
1701356399000,service-portal-59bb76c698-84ds8,RAM,0.000581123604297638
1701356399000,identity-767548c75-cjhw5,RAM,0.0005677002363204956
1701356399000,castai-evictor-696ffc855-45k28,CPU,0.0005481174256499454
1701356399000,kube-proxy-hqv4t,RAM,0.0004952379469871521
1701356399000,kube-proxy-d6zjh,RAM,0.0004820732531547546
1701356399000,identity-5dd49b647c-jff5v,RAM,0.00044898494911193844
1701356399000,kube-proxy-xzf98,RAM,0.000432826144695282
1701356399000,identity-7467974484-bwtk2,CPU,0.00042821902107306097
1701356399000,castai-evictor-696ffc855-45k28,RAM,0.00042516024494171145
1701356399000,inventory-worker-6ddcfb4959-v2r2g,RAM,0.0003986430025100708
1701356399000,redis-replica-node-1,RAM,0.0003844143123626709
1701356399000,sp1-agent-opencost-7dd58cd576-7d4r8,CPU,0.000376772434302543
1701356399000,inventory-6ffd566b88-4fshp,CPU,0.0003710408586218452
1701356399000,dashboard-6fd6655747-zvhjs,CPU,0.00036688844237993027
1701356399000,cost-analysis-844b945885-v2lvh,CPU,0.00035312795782670197
1701356399000,service-portal-59bb76c698-84ds8,CPU,0.0003497840115131044
1701356399000,statistics-bcf65967d-vzgkn,CPU,0.00034945995309421557
1701356399000,repository-654989f888-xwh2m,CPU,0.0003454089780043919
1701356399000,inventory-scheduler-8d764fc78-4rxc5,RAM,0.00034423133659362793
1701356399000,console-api-v2-rest-579c5bd554-wf74t,RAM,0.0003429566578865051
1701356399000,service-portal-api-rest-58dcd7c8bd-b9dkc,CPU,0.00033582173111077526
1701356399000,plugin-30d21ef75a5d-kgootqtbwsbtdhgb-65966775dc-4vdmj,CPU,0.00032427749984665044
1701356399000,sp1-agent-opencost-7dd58cd576-7d4r8,RAM,0.00031033971977233887
1701356399000,monitoring-rest-b57fb5846-7jwjk,CPU,0.00030295540786731456
1701356399000,prometheus-prometheus-node-exporter-mmnkm,RAM,0.0002805462808609009
1701356399000,console-api-v2-rest-5c75dff5f7-gv5s6,CPU,0.00027989126901508315
1701356399000,prometheus-prometheus-node-exporter-n8ccb,RAM,0.00027208769941329953
1701356399000,prometheus-prometheus-node-exporter-zvlkb,RAM,0.00026768161725997927
1701356399000,loki-gateway-655ddfb6b-pbxzw,CPU,0.0002537547113707106
1701356399000,plugin-jenkins-inven-collector-qrlligieixudhlw-5fd86c6dd6-4vv64,CPU,0.00024933328999196666
1701356399000,inventory-worker-57d8945bfd-cwjvf,RAM,0.0002471640915870667
1701356399000,prometheus-prometheus-node-exporter-47cf8,RAM,0.00024631549739837644
1701356399000,plugin-aws-shd-inven-collector-nkllskiqixcbxirg-5b57964464kf7bk,CPU,0.0002460064780743235
1701356399000,loki-gateway-655ddfb6b-pbxzw,RAM,0.0002330691661834717
1701356399000,plugin-prowler-inven-collector-orzzivckeunczahxj-7b89f47769vfpk,CPU,0.0002283826344733653
1701356399000,plugin-google-cloud-inven-collector-bokkcdtoksbunfvk-794f6vtmgv,CPU,0.00022724884525633093
1701356399000,plugin-prowler-inven-collector-jbkkhxcqzudckwcdd-7d44787fc8jrlp,CPU,0.00022458338607626952
1701356399000,plugin-prowler-inven-collector-jbkkhxcqbhxfggcjm-565dd8c5bkmn2m,CPU,0.00022420993803142468
1701356399000,plugin-mzc-sms-noti-protocol-wjddfvcnixsrfnk-575856b5-wf6sn,CPU,0.00022124511191990681
1701356399000,plugin-google-cloud-inven-collector-dovvcbiniocemtv-5b6f749jk6s,CPU,0.00021956473210051836
1701356399000,console-api-v2-rest-64cdb8dff5-9ng4p,CPU,0.00021811835093276023
1701356399000,plugin-api-direct-mon-webhook-qrllixcexsjhxrtl-867bbd5674-5kcgk,CPU,0.00021466341385364325
1701356399000,plugin-openstack-inven-collector-exlluwiqiwumfqj-5cd5c8687l6hvl,CPU,0.00021450896047988156
1701356399000,plugin-30d21ef75a5d-kgootqtbwsbtdhgb-65966775dc-tzts6,CPU,0.00021423958309476187
1701356399000,plugin-1030a94531fb-vmaauetqosmukhn-7d86b7cc5b-zlnkm,CPU,0.00021346549853401903
1701356399000,plugin-prometheus-mon-webhook-gdnnfdcxwsjinlfbb-677fd48d54jf9bt,CPU,0.00021304561958026812
1701356399000,plugin-github-inven-collector-orzzivckqsohvoibd-55d575cdd8d2szf,CPU,0.00021292426658366445
1701356399000,plugin-1030a94531fb-vmaauetqosmukhn-7d86b7cc5b-hlmws,CPU,0.00021233406290768942
1701356399000,plugin-30d21ef75a5d-kgootqtbwsbtdhgb-65966775dc-9h8c8,CPU,0.00021111042258844934
1701356399000,plugin-51f0e2822122-nkllsqtqxsoukirg-84d5c5bbb6-btk4l,CPU,0.00021097272240354584
1701356399000,plugin-keycloak-identity-auth-aobbckcqinfdjiv-5dcfcc5b66-vnw8w,CPU,0.0002109591751307264
1701356399000,plugin-bfc46d09140b-jbkkhktqwsjukfk-5bb454b9c6-j8zlb,CPU,0.00021065380657325322
1701356399000,plugin-github-inven-collector-samuel-wjddfvcobsjsjjikd-7c5cltkh,CPU,0.0002080449948986715
1701356399000,plugin-github-inven-collector-samuel-v3-znooijcgxsdhqmcv-5k8flb,CPU,0.00020747476690869798
1701356399000,plugin-30d21ef75a5d-kgootqtbwsbtdhgb-65966775dc-fdlz5,CPU,0.00020727899643758192
1701356399000,plugin-spaceone-inven-collector-wjddfvcgfocdsna-684c47c65cjzpjp,CPU,0.0002070140783765399
1701356399000,plugin-spaceone-member-inven-collector-lrllincdribtvviba-6pwdvs,CPU,0.00020693726411532821
1701356399000,plugin-spaceone-dynamic-ui-collector-bokkcwcoksnsnvcl-54cfglh6s,CPU,0.00020662946699278995
1701356399000,plugin-github-inven-collector-exlludcqwsmhmvfol-5645c6dcf8xxzm9,CPU,0.00020649705007108783
1701356399000,plugin-github-inven-collector-samuel-v3-bokkcwcokszijbsvl-fp27c,CPU,0.000206376563778243
1701356399000,plugin-spaceone-dynamic-ui-collector-bokkcwcoksnsbxixe-7cb6svmv,CPU,0.00020634704055130294
1701356399000,plugin-http-file-cost-datasource-kgootqtbbcetlcbk-7db45c5dmkh9f,CPU,0.00020624968350503695
1701356399000,plugin-github-inven-collector-orzzivckqsohvoibd-55d575cdd8q642q,CPU,0.00020585318785195178
1701356399000,plugin-github-inven-collector-wjddfvcobsrhxunn-845dffdcbb-rnkhg,CPU,0.000205833615676194
1701356399000,plugin-spaceone-dynamic-ui-collector-kgootocbwsvivnfbm-595927sd,CPU,0.0002056003659234576
1701356399000,plugin-github-inven-collector-samuel-wjddfvcobsjsjjikd-7c5xhhwc,CPU,0.0002052669914520594
1701356399000,plugin-spaceone-dynamic-ui-collector-rrzzircjrsbfokio-6bb5m4kmb,CPU,0.0002045896088629205
1701356399000,plugin-github-inven-collector-rrzzircjrsrhomubz-68bf995d94d4vlk,CPU,0.00020388088538575024
1701356399000,plugin-github-inven-collector-samuel-v3-aobbckcbrsriokumz-dmbwd,CPU,0.0002036652156256979
1701356399000,plugin-github-inven-collector-vmaauacqosxsnksmo-75cb8547b8j954k,CPU,0.0002034998338863401
1701356399000,plugin-spaceone-member-inven-collector-nkllsgcqzixcofxg-5fbkvgw,CPU,0.00020263329655813728
1701356399000,spin-echo-7668f7c49c-f2p2b,CPU,0.00020219915472637952
1701356399000,plugin-spaceone-dynamic-ui-collector-rrzzircjrsbfokio-6bb56zx6j,CPU,0.00020050055831345682
1701356399000,supervisor-scheduler-7766744c56-jxjhs,CPU,0.0002002063657248432
1701356399000,redis-65ffbcbfdf-zx4nz,CPU,0.0001990276469483252
1701356399000,board-75b78d7b89-zxh9k,CPU,0.0001960431520308745
1701356399000,plugin-566dbba0ca3c-dovvcbiniocexcjn-7b5dc9c997-2hfqv,CPU,0.0001958803013168263
1701356399000,service-portal-api-worker-978d5d8f-r9nkb,CPU,0.00019557314835796398
1701356399000,notification-546d67b574-ftd8t,CPU,0.0001942635359318666
1701356399000,config-5c6df5f8fd-d2tgm,CPU,0.000193621055221564
1701356399000,plugin-7b87495685-sv77m,CPU,0.00019183597109861857
1701356399000,plugin-jenkins-inven-collector-qrlligieixudhlw-5fd86c6dd6-pctzk,CPU,0.00019147784785765475
1701356399000,file-manager-549d5b9568-xnk65,CPU,0.00018960933712966534
1701356399000,plugin-aws-shd-inven-collector-nkllskiqixcbxirg-5b57964464gvgws,CPU,0.0001895843427073855
1701356399000,monitoring-5787fd6cf6-8mxl5,CPU,0.0001894928438399979
1701356399000,notification-worker-7dbc948bcd-md5sh,CPU,0.0001816943627950805
1701356399000,secret-66f54749d9-jffr7,CPU,0.0001815966447426586
1701356399000,identity-6d985b5fbb-kgjn2,RAM,0.0001806672191619873
1701356399000,castai-agent-cpvpa-f7b6678d5-zh94t,CPU,0.00017521709836397585
1701356399000,plugin-aws-hyperbilling-cost-datasource-lrllinclhxuosbb-56lh9q9,CPU,0.00016631103942393923
1701356399000,spin-igor-88dbc4bcd-sg2t8,CPU,0.00016611624013783817
1701356399000,identity-5b75c8d68c-mqjbm,RAM,0.00016356243515014648
1701356399000,plugin-prowler-inven-collector-jbkkhxcqzudckwcdd-7d44787fc9tjqw,CPU,0.00016261086629803457
1701356399000,plugin-google-cloud-inven-collector-bokkcdtoksbunfvk-794f65cn5j,CPU,0.00016033890008291195
1701356399000,plugin-google-billing-cost-datasource-gdnnfefxwslfghje-789wrpmt,CPU,0.00015960565765897513
1701356399000,plugin-prowler-inven-collector-jbkkhxcqbhxfggcjm-565dd8c5b6sf8v,CPU,0.00015935240410594676
1701356399000,plugin-prowler-inven-collector-orzzivckeunczahxj-7b89f4776bplrj,CPU,0.00015880954907265913
1701356399000,plugin-google-cloud-inven-collector-dovvcbiniocemtv-5b6f74hzhd5,CPU,0.00015841842116155042
1701356399000,plugin-51f0e2822122-nkllsqtqxsoukirg-84d5c5bbb6-7tz5j,CPU,0.00015696169635306956
1701356399000,plugin-aws-cost-explorer-cost-datasource-kgootqtbwsofdha-cztltz,CPU,0.00015657517885287565
1701356399000,plugin-openstack-inven-collector-exlluwiqiwumfqj-5cd5c8687pp576,CPU,0.0001552657940970552
1701356399000,plugin-aws-sns-mon-webhook-nkllsqtqxsoukdhxb-5f95c98c6f-hbrb4,CPU,0.00015391963814716662
1701356399000,plugin-30d21ef75a5d-kgootqtbwsbtdhgb-65966775dc-cmz52,CPU,0.00015323205524659918
1701356399000,plugin-slack-noti-protocol-lrllincjfwsqxcbz-fcfb787f8-nprfh,CPU,0.00015307757053153212
1701356399000,plugin-email-noti-protocol-wjddfntobsgumxiob-84c4b87d6-s5n7x,CPU,0.00015306375323898932
1701356399000,plugin-30d21ef75a5d-kgootqtbwsbtdhgb-65966775dc-hcsq5,CPU,0.000152975938576226
1701356399000,plugin-30d21ef75a5d-kgootqtbwsbtdhgb-65966775dc-ltv8g,CPU,0.0001525075688320892
1701356399000,plugin-spaceone-dynamic-ui-collector-bokkcwcoksnsbxixe-7cbmclnz,CPU,0.0001514364818641547
1701356399000,plugin-github-inven-collector-vmaauacqosxsnksmo-75cb8547b8b5pbx,CPU,0.00015134757607641183
1701356399000,plugin-spaceone-inven-collector-wjddfvcgfocdsna-684c47c65ctq86d,CPU,0.0001511808617113947
1701356399000,plugin-github-inven-collector-samuel-v3-znooijcgxsdhqmcv-5w5b78,CPU,0.0001509122011987272
1701356399000,plugin-bfc46d09140b-jbkkhktqwsjukfk-5bb454b9c6-clqw4,CPU,0.00015071072164859833
1701356399000,plugin-spaceone-member-inven-collector-lrllincdribtvviba-6tm95d,CPU,0.00015041653402123175
1701356399000,plugin-aws-phd-inven-collector-bokkcdtoksbuohxa-6775446dfd6cxxq,CPU,0.00015038640586707947
1701356399000,plugin-github-inven-collector-exlludcqwsmhmvfol-5645c6dcf872khx,CPU,0.0001503424772867901
1701356399000,plugin-github-inven-collector-rrzzircjrsrhomubz-68bf995d94x46kc,CPU,0.00015034021380309787
1701356399000,plugin-keycloak-identity-auth-rrzzircjrsgszxtbr-64959cc8bd7cs7s,CPU,0.0001502736765985255
1701356399000,plugin-5cdf8d72a7cc-xbmmhrcdksgsnguxl-5f664f9fd4-c5s6x,CPU,0.00015017520646832164
1701356399000,plugin-github-inven-collector-samuel-v3-aobbckcbrsriokumz-b9zlb,CPU,0.0001500065443243879
1701356399000,plugin-30d21ef75a5d-kgootqtbwsbtdhgb-65966775dc-tvftx,CPU,0.00014999593717812307
1701356399000,plugin-spaceone-dynamic-ui-collector-kgootocbwsvivnfbm-595bhmgg,CPU,0.000149946764445575
1701356399000,plugin-spaceone-member-inven-collector-nkllsgcqzixcofxg-5fd96s5,CPU,0.00014976211148051184
1701356399000,plugin-spaceone-dynamic-ui-collector-bokkcwcoksnsnvcl-54cf9sp86,CPU,0.00014971867473294185
1701356399000,plugin-github-inven-collector-samuel-v3-bokkcwcokszijbsvl-vxvqc,CPU,0.00014943803663562138
1701356399000,plugin-github-inven-collector-wjddfvcobsrhxunn-845dffdcbb-28fbd,CPU,0.0001492138048444345
1701356399000,plugin-9881b9b440a4-orzzivckqsqsznhrj-65cdd678d-dm78z,CPU,0.0001486350489674041
1701356399000,plugin-azure-cost-mgmt-cost-datasource-aobbckcbidsdjimr-5fm8kl8,CPU,0.00014852901053807204
1701356399000,plugin-30d21ef75a5d-kgootqtbwsbtdhgb-65966775dc-7k7lj,CPU,0.00014837889897242407
1701356399000,identity-6778ffbd44-pqxxm,RAM,0.00014780263519287109
1701356399000,plugin-aws-phd-inven-collector-bokkcdtoksbuohxa-6775446dfdmkfhg,CPU,0.00014767394824226338
1701356399000,plugin-30d21ef75a5d-kgootqtbwsbtdhgb-65966775dc-7cv46,CPU,0.00014735790761580213
1701356399000,inventory-5f44b5697b-l55rq,RAM,0.00012758102750778198
1701356399000,statistics-worker-789c9dd9c6-tcj7l,RAM,0.0001258197021484375
1701356399000,identity-64fd8cddbf-bthf2,CPU,0.00012461428890475726
1701356399000,console-api-786fb8d6c7-7zggk,CPU,0.000123492967600616
1701356399000,identity-559ddb6b4d-kqxcv,RAM,0.00010624308586120605
1701356399000,identity-64fd8cddbf-bthf2,RAM,0.00010458110857009887
1701356399000,console-api-v2-rest-67597dc7c9-cskln,RAM,0.00010425626468658447
1701356399000,vizier-pem-jnl6z,RAM,0.000098
1701356399000,console-84d77df4b5-hsr2t,RAM,0.00009745580530166625
1701356399000,vizier-operator-55ffdd4987-6fwx7,CPU,0.00009458361198519867
1701356399000,newrelic-bundle-newrelic-logging-v24p2,CPU,0.00009141666666666666
1701356399000,console-api-v2-rest-67597dc7c9-cskln,CPU,0.00008977511645658854
1701356399000,maintenance-75d89b64b7-gzrlz,RAM,0.00008847707176208495
1701356399000,plugin-8bfb8dccb-42kwh,CPU,0.00008184848390979038
1701356399000,newrelic-bundle-nri-kube-events-6d7cc6755c-7s8mr,CPU,0.00008142622675544697
1701356399000,console-api-v2-rest-579c5bd554-wf74t,CPU,0.00008064649818168632
1701356399000,cost-analysis-worker-7454bb645f-8b8bg,RAM,0.00008031791305541991
1701356399000,identity-7998556f8d-bbdth,RAM,0.00007627560091018676
1701356399000,vizier-pem-4xtbw,RAM,0.0000735
1701356399000,newrelic-bundle-nrk8s-kubelet-ggsgp,CPU,0.00007313333333333334
1701356399000,redis-85dd988dcd-phk97,CPU,0.00007247471856021629
1701356399000,cost-analysis-worker-7454bb645f-9t497,RAM,0.00006957448959350585
1701356399000,identity-767548c75-cjhw5,CPU,0.00006922797598009816
1701356399000,newrelic-bundle-newrelic-logging-nfrnz,CPU,0.0000685625
1701356399000,redis-65ffbcbfdf-zx4nz,RAM,0.00006772624635696412
1701356399000,console-api-v2-rest-77599fb589-s4fwl,RAM,0.00006670783519744873
1701356399000,console-676f97dbd5-clwlg,RAM,0.000060738726615905763
1701356399000,identity-6d985b5fbb-kgjn2,CPU,0.00005494623881813874
1701356399000,newrelic-bundle-nrk8s-kubelet-8t82s,CPU,0.00005485000000000001
1701356399000,castai-evictor-6b5c9974d6-p7t85,RAM,0.000053658167362213125
1701356399000,identity-5dd49b647c-jff5v,CPU,0.00005256141419518916
1701356399000,console-api-v2-rest-74c8b49cb7-lmnd9,RAM,0.00005254822611832059
1701356399000,castai-evictor-6b5c9974d6-p7t85,CPU,0.00004999277675986318
1701356399000,console-api-85b6b87d89-7nv69,RAM,0.00004808103036880493
1701356399000,cost-analysis-worker-7454bb645f-dqzl5,RAM,0.000046550200939178463
1701356399000,cost-analysis-worker-7454bb645f-htklw,RAM,0.00004572943449020386
1701356399000,redis-85dd988dcd-phk97,RAM,0.00004263002777099609
1701356399000,secret-5856679496-7ljhz,RAM,0.000042277930259704583
1701356399000,marketplace-assets-56599bc9df-l4xw6,RAM,0.00003978511619567871
1701356399000,sp1-agent-opencost-7dd58cd576-kds2t,CPU,0.00003846949871303395
1701356399000,statistics-5bc8dc4cb8-mdpcg,RAM,0.000038132251262664795
1701356399000,identity-6778ffbd44-pqxxm,CPU,0.0000366716106577873
1701356399000,kube-proxy-gqn69,CPU,0.00003656666666666667
1701356399000,inventory-694f444bff-kpfjd,RAM,0.0000358713583946228
1701356399000,inventory-scheduler-bf8d5dd7c-t7gnc,RAM,0.000034145594596862794
1701356399000,console-api-6b6fbcf5c7-554vn,CPU,0.00003336705207084345
1701356399000,sp1-agent-opencost-7dd58cd576-kds2t,RAM,0.00003129354333877564
1701356399000,inventory-worker-67ffbb67f7-n6hxw,RAM,0.00003114870357513428
1701356399000,inventory-worker-5995d6cbcb-fbjhp,RAM,0.00002974497985839844
1701356399000,inventory-5f44b5697b-l55rq,CPU,0.000029296282127073872
1701356399000,statistics-scheduler-5d6dcbdd55-hgz5t,RAM,0.000028358873367309566
1701356399000,console-api-v2-rest-5df4dddb48-997dr,RAM,0.000027853534698486323
1701356399000,kube-proxy-8jtcn,CPU,0.000027425000000000006
1701356399000,docs-7d647c97d7-vx8nk,RAM,0.00002736282253265381
1701356399000,repository-c5889446f-j8gfb,RAM,0.00002694391107559204
1701356399000,inventory-scheduler-8d764fc78-4rxc5,CPU,0.000026687124553899252
1701356399000,monitoring-7594496778-2k4z4,RAM,0.000026155528545379636
1701356399000,identity-858bcfcc77-vgnzx,RAM,0.00002516235160827637
1701356399000,inventory-scheduler-776f55c4d4-6glkf,RAM,0.000024660984992980955
1701356399000,inventory-scheduler-78bb5f9777-fbj5w,RAM,0.000023673065185546876
1701356399000,board-6fd584c4c6-bvsc9,CPU,0.000022362792860185695
1701356399000,monitoring-worker-c94ff5984-m688b,RAM,0.000020827719688415524
1701356399000,plugin-worker-58bddc9b4c-ltclr,RAM,0.00001973865270614624
1701356399000,console-api-v2-rest-74c8b49cb7-lmnd9,CPU,0.000019666894113454707
1701356399000,secret-66b7c8b795-z25cq,RAM,0.000019630706310272215
1701356399000,dashboard-7878b9cb5-jgqgh,RAM,0.00001946395015716553
1701356399000,plugin-scheduler-574755844-qkk8t,RAM,0.000019192565441131592
1701356399000,identity-5b75c8d68c-mqjbm,CPU,0.000019091640506382034
1701356399000,cost-analysis-7d86b77ccc-q8txt,RAM,0.000018834800243377683
1701356399000,notification-worker-78c6ff94db-wfznc,RAM,0.000018523274421691895
1701356399000,file-manager-66d7bcf78b-rdtm9,RAM,0.000018317358493804935
1701356399000,notification-68556c775d-w8gpv,RAM,0.000018111442565917968
1701356399000,config-677cc8ddd4-d889s,RAM,0.000018000411987304688
1701356399000,docs-7d647c97d7-vx8nk,CPU,0.000017839172167962595
1701356399000,plugin-8bfb8dccb-42kwh,RAM,0.000017587108135223387
1701356399000,console-6f66d8dc56-qdtkt,RAM,0.000016621431827545167
1701356399000,identity-5464bf87bd-mlvd7,RAM,0.000016568276405334474
1701356399000,monitoring-worker-c94ff5984-m688b,CPU,0.000016115957971541646
1701356399000,cost-analysis-worker-7454bb645f-8b8bg,CPU,0.000015297912553129144
1701356399000,cost-analysis-scheduler-f688c5d77-jgpwk,RAM,0.000015182824134826661
1701356399000,statistics-worker-6d5b574877-njc72,CPU,0.000015126061885330694
1701356399000,identity-5464bf87bd-mlvd7,CPU,0.000014886044297607065
1701356399000,board-6fd584c4c6-bvsc9,RAM,0.000014798048973083499
1701356399000,notification-68556c775d-w8gpv,CPU,0.000014657806758866999
1701356399000,cost-analysis-worker-7454bb645f-dqzl5,CPU,0.000014447821238537144
1701356399000,monitoring-scheduler-59f494774b-rkk44,RAM,0.000014260560035705567
1701356399000,config-677cc8ddd4-d889s,CPU,0.000014106052439479625
1701356399000,newrelic-bundle-nrk8s-kubelet-ggsgp,RAM,0.000013690441846847534
1701356399000,identity-769fcf4f9c-lk2rf,RAM,0.000013378039836883544
1701356399000,service-portal-api-scheduler-59974b87d9-6pnd8,CPU,0.000013180897072849834
1701356399000,statistics-worker-789c9dd9c6-tcj7l,CPU,0.00001306728692837034
1701356399000,console-api-v2-rest-77599fb589-s4fwl,CPU,0.000012973280799592436
1701356399000,monitoring-rest-7b9bbd8fb6-5jgcg,RAM,0.000012685967922210696
1701356399000,identity-644d6dc784-4c4d4,RAM,0.000012658981323242186
1701356399000,notification-scheduler-84f9b687cd-2jgbf,CPU,0.000012627065137026857
1701356399000,secret-5856679496-7ljhz,CPU,0.00001232999922250469
1701356399000,identity-559ddb6b4d-kqxcv,CPU,0.000011998821760175948
1701356399000,notification-scheduler-d6c6bc5c9-m9b5n,RAM,0.000011599190711975097
1701356399000,ebs-csi-node-n2jbs,CPU,0.000010970000000000002
1701356399000,inventory-694f444bff-kpfjd,CPU,0.000010661675947050272
1701356399000,inventory-75b69895f8-gccqt,RAM,0.000010648211002349853
1701356399000,newrelic-bundle-nrk8s-kubelet-8t82s,RAM,0.00001026783138513565
1701356399000,inventory-756f9b4fb5-49qqw,RAM,0.000009880062580108642
1701356399000,castai-evictor-6cc5cb797b-hwgfb,CPU,0.00000950970816769065
1701356399000,aws-node-qzd25,CPU,0.000009141666666666668
1701356399000,castai-evictor-6cc5cb797b-hwgfb,RAM,0.000008951186180114746
1701356399000,inventory-worker-6ddcfb4959-v2r2g,CPU,0.000008915313026912612
1701356399000,docs-6d9d764dd5-pn47p,RAM,0.000008855903625488279
1701356399000,identity-7998556f8d-bbdth,CPU,0.000008808611169039078
1701356399000,inventory-worker-57d8945bfd-cwjvf,CPU,0.000008318344384581557
1701356399000,ebs-csi-node-f8k7w,CPU,0.000008227500000000002
1701356399000,console-967dc8db4-9fl9n,RAM,0.000007841838359832761
1701356399000,inventory-worker-75cdbd4b5d-mpq7d,CPU,0.000007665947173265615
1701356399000,cost-analysis-7d86b77ccc-q8txt,CPU,0.000007255620546551464
1701356399000,console-api-v2-rest-5df4dddb48-997dr,CPU,0.000007243245925935092
1701356399000,console-84d77df4b5-hsr2t,CPU,0.000007140304187442759
1701356399000,docs-66ccd8b579-hlzrw,RAM,0.000006886115550994873
1701356399000,aws-node-dq792,CPU,0.0000068562500000000015
1701356399000,console-api-85b6b87d89-7nv69,CPU,0.000006115881261221099
1701356399000,ebs-csi-node-n2jbs,RAM,0.0000057421875
1701356399000,dashboard-7878b9cb5-jgqgh,CPU,0.000005444350250748759
1701356399000,cost-analysis-worker-7454bb645f-htklw,CPU,0.000004951326568687831
1701356399000,identity-769fcf4f9c-lk2rf,CPU,0.000004806178634249481
1701356399000,docs-66ccd8b579-hlzrw,CPU,0.0000043113101542371615
1701356399000,ebs-csi-node-f8k7w,RAM,0.000004306640625
1701356399000,spacectl-7dcfbcb7b4-dhqm7,CPU,0.000004176535019796075
1701356399000,repository-c5889446f-j8gfb,CPU,0.000004017404074404214
1701356399000,promtail-k4rn2,CPU,0.000003978877234966975
1701356399000,docs-6d9d764dd5-pn47p,CPU,0.000003938502667908331
1701356399000,secret-66b7c8b795-z25cq,CPU,0.000003931744839252645
1701356399000,monitoring-7594496778-2k4z4,CPU,0.000003823993276602074
1701356399000,statistics-5bc8dc4cb8-mdpcg,CPU,0.0000035725841424051098
1701356399000,file-manager-66d7bcf78b-rdtm9,CPU,0.000003299562053468215
1701356399000,monitoring-rest-7b9bbd8fb6-5jgcg,CPU,0.0000030746133231735472
1701356399000,newrelic-bundle-newrelic-logging-v24p2,RAM,0.0000030625
1701356399000,vizier-pem-4xtbw,CPU,0.0000030295718209245627
1701356399000,identity-858bcfcc77-vgnzx,CPU,0.000002783722371514106
1701356399000,promtail-nl97n,CPU,0.0000027815145343999935
1701356399000,inventory-scheduler-bf8d5dd7c-t7gnc,CPU,0.0000027716791281246216
1701356399000,inventory-75b69895f8-gccqt,CPU,0.0000027523221555438107
1701356399000,console-658f5d65f5-qpcrx,RAM,0.0000025935173034667965
1701356399000,inventory-756f9b4fb5-49qqw,CPU,0.0000023185593542503316
1701356399000,newrelic-bundle-newrelic-logging-nfrnz,RAM,0.000002296875
1701356399000,statistics-scheduler-5d6dcbdd55-hgz5t,CPU,0.000002125476539163342
1701356399000,plugin-worker-58bddc9b4c-ltclr,CPU,0.0000020625294809096307
1701356399000,monitoring-worker-5bb8b5fc65-9gdmz,CPU,0.00000204102372191872
1701356399000,cost-analysis-worker-6cc775c5b4-lg875,CPU,0.0000020153558198606415
1701356399000,cost-analysis-worker-6cc775c5b4-tsp6v,CPU,0.0000020111210777910977
1701356399000,cost-analysis-worker-6cc775c5b4-vb4hz,CPU,0.0000020005736121564347
1701356399000,plugin-worker-844b9f4dcc-ml84g,CPU,0.00000198008406878862
1701356399000,cost-analysis-worker-6cc775c5b4-8vtls,CPU,0.000001939653327939898
1701356399000,vizier-pem-jnl6z,CPU,0.000001929679477295917
1701356399000,plugin-scheduler-574755844-qkk8t,CPU,0.0000018578264434505556
1701356399000,notification-worker-78c6ff94db-wfznc,CPU,0.0000017906716058164401
1701356399000,cost-analysis-worker-7454bb645f-9t497,CPU,0.000001688795689660022
1701356399000,inventory-scheduler-78bb5f9777-fbj5w,CPU,0.0000016208158521035893
1701356399000,aws-node-qzd25,RAM,0.000001516646862030029
1701356399000,aws-node-dq792,RAM,0.000001462556838989258
1701356399000,promtail-k4rn2,RAM,0.000001356292724609375
1701356399000,inventory-scheduler-776f55c4d4-6glkf,CPU,0.0000012951571474700637
1701356399000,identity-644d6dc784-4c4d4,CPU,0.0000012853820286943693
1701356399000,promtail-nl97n,RAM,0.0000011050252914428711
1701356399000,console-84cc6bcc58-ppmwh,RAM,0.0000010624775886535645
1701356399000,monitoring-scheduler-59f494774b-rkk44,CPU,9.0973838645925e-7
1701356399000,inventory-scheduler-7cb85548cf-6d9m4,RAM,7.586622238159179e-7
1701356399000,kube-proxy-gqn69,RAM,7.369561195373535e-7
1701356399000,console-5c74d579d-zz5z7,RAM,7.274932861328126e-7
1701356399000,inventory-worker-5995d6cbcb-fbjhp,CPU,6.911988931196178e-7
1701356399000,kube-proxy-8jtcn,RAM,6.835203170776367e-7
1701356399000,inventory-worker-67ffbb67f7-n6hxw,CPU,6.469941103966677e-7
1701356399000,cost-analysis-scheduler-774fc44495-qbrqq,RAM,5.309000015258789e-7
1701356399000,statistics-scheduler-8855978c7-8wd8c,RAM,4.614124298095703e-7
1701356399000,service-portal-6f5f6785cc-t2dfs,RAM,4.592394828796387e-7
1701356399000,castai-evictor-696ffc855-gx976,CPU,3.7601712194769994e-7
1701356399000,prometheus-prometheus-node-exporter-fjmxs,CPU,3.661034986722416e-7
1701356399000,console-7f55cdb64-vxf9t,RAM,3.590035438537597e-7
1701356399000,prometheus-prometheus-node-exporter-vnbtf,CPU,3.212674953338527e-7
1701356399000,plugin-scheduler-5855bf7569-lb4qs,RAM,3.076472282409668e-7
1701356399000,prometheus-prometheus-node-exporter-fjmxs,RAM,2.8771686553955077e-7
1701356399000,monitoring-scheduler-55595d5f6-g4nxn,RAM,2.8706264495849606e-7
1701356399000,castai-evictor-696ffc855-gx976,RAM,2.8234291076660155e-7
1701356399000,prometheus-prometheus-node-exporter-vnbtf,RAM,2.6238918304443356e-7
1701356399000,docs-ffcf97c-mkwcd,RAM,2.0603275299072267e-7
1701356399000,castai-evictor-6cc5cb797b-k4fsw,RAM,1.3252639770507813e-7
1701356399000,castai-evictor-6b5c9974d6-7k2wx,RAM,1.313815116882324e-7
1701356399000,castai-evictor-6cc5cb797b-mnzlg,RAM,1.2988615036010742e-7
1701356399000,castai-evictor-6cc5cb797b-5pcb4,RAM,1.293954849243164e-7
1701356399000,console-84cc6bcc58-ppmwh,CPU,1.2196925559222926e-7
1701356399000,cost-analysis-scheduler-f688c5d77-jgpwk,CPU,1.1438267164847249e-7
1701356399000,notification-scheduler-d6c6bc5c9-m9b5n,CPU,1.0548280692196516e-7
1701356399000,console-5d6cc58889-htrn4,RAM,1.0374069213867186e-7
1701356399000,docs-ffcf97c-mkwcd,CPU,6.481334349694174e-8
1701356399000,identity-bf85f6494-9rpkf,RAM,2.5397777557373043e-8
1701356399000,identity-bf85f6494-gp6dq,RAM,2.0888328552246093e-8
1701356399000,castai-evictor-6cc5cb797b-sdcfb,RAM,2.0794868469238283e-8
1701356399000,identity-6754f4c588-st8r2,RAM,2.025747299194336e-8
1701356399000,castai-evictor-6b5c9974d6-bw7bp,RAM,1.6519069671630856e-8
1701356399000,castai-evictor-696ffc855-mhkzf,RAM,1.6028404235839843e-8
1701356399000,identity-6497676bc5-pvhg8,CPU,0
1701356399000,castai-evictor-6cc5cb797b-k4fsw,CPU,0
1701356399000,identity-6497676bc5-snmbf,CPU,0
1701356399000,identity-bf85f6494-9rpkf,CPU,0
1701356399000,console-967dc8db4-9fl9n,CPU,0
1701356399000,console-676f97dbd5-clwlg,CPU,0
1701356399000,identity-848df9488-hbqc2,RAM,0
1701356399000,cost-analysis-scheduler-774fc44495-24hp7,CPU,0
1701356399000,marketplace-assets-56599bc9df-l4xw6,CPU,0
1701356399000,cost-analysis-scheduler-774fc44495-qbrqq,CPU,0
1701356399000,castai-evictor-696ffc855-pgf44,CPU,0
1701356399000,inventory-scheduler-7cb85548cf-6d9m4,CPU,0
1701356399000,monitoring-scheduler-55595d5f6-g4nxn,CPU,0
1701356399000,castai-evictor-696ffc855-mhkzf,CPU,0
1701356399000,console-6f66d8dc56-qdtkt,CPU,0
1701356399000,castai-evictor-6cc5cb797b-sdcfb,CPU,0
1701356399000,identity-b5fc5f96c-95n5k,CPU,0
1701356399000,identity-6754f4c588-st8r2,CPU,0
1701356399000,identity-6497676bc5-pvhg8,RAM,0
1701356399000,plugin-scheduler-5855bf7569-lb4qs,CPU,0
1701356399000,castai-evictor-6cc5cb797b-5pcb4,CPU,0
1701356399000,castai-evictor-6cc5cb797b-6rm6q,CPU,0
1701356399000,console-658f5d65f5-qpcrx,CPU,0
1701356399000,identity-b5fc5f96c-7h2dp,CPU,0
1701356399000,identity-8dd8c94f-vl22x,CPU,0
1701356399000,identity-b5fc5f96c-95n5k,RAM,0
1701356399000,cost-analysis-scheduler-774fc44495-24hp7,RAM,0
1701356399000,console-7f55cdb64-vxf9t,CPU,0
1701356399000,castai-evictor-696ffc855-pgf44,RAM,0
1701356399000,console-5d6cc58889-htrn4,CPU,0
1701356399000,castai-evictor-6cc5cb797b-mnzlg,CPU,0
1701356399000,statistics-scheduler-8855978c7-8wd8c,CPU,0
1701356399000,castai-evictor-6b5c9974d6-bw7bp,CPU,0
1701356399000,console-5c74d579d-zz5z7,CPU,0
1701356399000,maintenance-75d89b64b7-gzrlz,CPU,0
1701356399000,identity-bf85f6494-gp6dq,CPU,0
1701356399000,castai-evictor-6cc5cb797b-6rm6q,RAM,0
1701356399000,castai-evictor-6b5c9974d6-7k2wx,CPU,0
1701356399000,castai-evictor-6b5c9974d6-5zmnx,RAM,0
1701356399000,identity-8dd8c94f-vl22x,RAM,0
1701356399000,identity-b5fc5f96c-7h2dp,RAM,0
1701356399000,service-portal-6f5f6785cc-t2dfs,CPU,0
1701356399000,identity-848df9488-hbqc2,CPU,0
1701356399000,identity-6497676bc5-snmbf,RAM,0
1701356399000,castai-evictor-6b5c9974d6-5zmnx,CPU,0

